{"cameraMode":{"drawMode":0,"name":"Shaded","section":"Shading Mode"},"sceneLighting":false,"audioPlay":false,"sceneViewState":{"showFog":true,"showMaterialUpdate":true,"showSkybox":false,"showFlares":true,"showImageEffects":true,"showParticleSystems":true},"in2DMode":false,"pivot":{"x":0.31969785690307619,"y":0.8553680181503296,"z":-0.026725709438323976},"rotation":{"x":-0.21911640465259553,"y":0.602139949798584,"z":-0.17665347456932069,"w":-0.7471528053283691},"size":1.9809792041778565,"orthographic":false}