{"cameraMode":{"drawMode":0,"name":"Shaded","section":"Shading Mode"},"sceneLighting":true,"audioPlay":false,"sceneViewState":{"showFog":true,"showMaterialUpdate":true,"showSkybox":true,"showFlares":true,"showImageEffects":true,"showParticleSystems":true},"in2DMode":false,"pivot":{"x":5.741515159606934,"y":2.183743715286255,"z":5.903229713439941},"rotation":{"x":-0.003302423283457756,"y":-0.07607920467853546,"z":0.00020805347594432533,"w":-0.997115433216095},"size":1.2904052734375,"orthographic":false}