{"cameraMode":{"drawMode":0,"name":"Shaded","section":"Shading Mode"},"sceneLighting":true,"audioPlay":false,"sceneViewState":{"showFog":true,"showMaterialUpdate":false,"showSkybox":true,"showFlares":true,"showImageEffects":true,"showParticleSystems":true},"in2DMode":false,"pivot":{"x":5.2719831466674809,"y":1.468429446220398,"z":8.496957778930664},"rotation":{"x":0.04978872090578079,"y":0.0059882719069719318,"z":-0.0002947227912954986,"w":0.998752772808075},"size":3.18363881111145,"orthographic":false}